<?xml version="1.0" encoding="UTF-8"?>
<project-private xmlns="http://www.netbeans.org/ns/project-private/1">
    <editor-bookmarks xmlns="http://www.netbeans.org/ns/editor-bookmarks/2" lastBookmarkId="0"/>
    <open-files xmlns="http://www.netbeans.org/ns/projectui-open-files/2">
        <group>
            <file>file:/G:/NIBM/PDF/DSE/Semester-2%20%20%20%20Stage-2/EAD/Car_Rental_Management_System/src/Owner.java</file>
            <file>file:/G:/NIBM/PDF/DSE/Semester-2%20%20%20%20Stage-2/EAD/Car_Rental_Management_System/src/VanData.java</file>
            <file>file:/G:/NIBM/PDF/DSE/Semester-2%20%20%20%20Stage-2/EAD/Car_Rental_Management_System/src/LoginDetails.java</file>
            <file>file:/G:/NIBM/PDF/DSE/Semester-2%20%20%20%20Stage-2/EAD/Car_Rental_Management_System/src/Van.java</file>
            <file>file:/G:/NIBM/PDF/DSE/Semester-2%20%20%20%20Stage-2/EAD/Car_Rental_Management_System/src/Bike.java</file>
            <file>file:/G:/NIBM/PDF/DSE/Semester-2%20%20%20%20Stage-2/EAD/Car_Rental_Management_System/src/Customers.java</file>
            <file>file:/G:/NIBM/PDF/DSE/Semester-2%20%20%20%20Stage-2/EAD/Car_Rental_Management_System/src/BikeData.java</file>
            <file>file:/G:/NIBM/PDF/DSE/Semester-2%20%20%20%20Stage-2/EAD/Car_Rental_Management_System/src/Car.java</file>
            <file>file:/G:/NIBM/PDF/DSE/Semester-2%20%20%20%20Stage-2/EAD/Car_Rental_Management_System/src/OwnerData.java</file>
            <file>file:/G:/NIBM/PDF/DSE/Semester-2%20%20%20%20Stage-2/EAD/Car_Rental_Management_System/src/CarData.java</file>
        </group>
    </open-files>
</project-private>
